"Date","Action","Symbol","Description","Quantity","Price","Fees & Comm","Amount"
"07/22/2026","Journal","","TRANSFER FUNDS FROM SCHWAB BANK - ...196","","","","$2586.34"
"07/22/2026","Buy","QQQ","INVESCO QQQ TR","7","$708.7608","","-$4961.33"
"07/22/2026","Journal","","TRANSFER FUNDS FROM SCHWAB BANK - ...196","","","","$11000.00"
"07/22/2026","MoneyLink Deposit","","META","","","","$500.00"
"07/17/2026","MoneyLink Deposit","","META","","","","$500.00"
"07/16/2026 as of 07/15/2026","Bank Interest","","BANK INT ...526 SCHWAB BANK","","","","$0.01"
"07/15/2026","Buy","SWPPX","SCHWAB S&P ...500 INDEX","15.369","$19.52","","-$300.00"
"07/10/2026","Tax Withhold","QQQ","INVESCO QQQ TR","","","","-$5.66"
"07/10/2026","Cash Dividend","QQQ","INVESCO QQQ TR","","","","$23.59"
"07/02/2026","MoneyLink Deposit","","META","","","","$500.00"
"07/01/2026","Buy","SWPPX","SCHWAB S&P ...500 INDEX","15.56","$19.28","","-$300.00"
"06/30/2026","Tax Withhold","VOO","VANGUARD S&P ...500 ETF","","","","-$9.89"
"06/30/2026","Cash Dividend","VOO","VANGUARD S&P ...500 ETF","","","","$41.21"
"06/26/2026","Reinvest Shares","NVDA","NVIDIA CORP","0.2098","$194.6785","","-$40.85"
"06/26/2026","Tax Withhold","NVDA","NVIDIA CORP","","","","-$12.90"
"06/26/2026","Qual Div Reinvest","NVDA","NVIDIA CORP","","","","$53.75"
"06/25/2026","Tax Withhold","META","META PLATFORMS INC CLASS A","","","","-$14.49"
"06/25/2026","Qualified Dividend","META","META PLATFORMS INC CLASS A","","","","$60.38"
"06/18/2026","MoneyLink Deposit","","META","","","","$500.00"
"06/16/2026 as of 06/15/2026","Bank Interest","","BANK INT ...526 SCHWAB BANK","","","","$0.02"
"06/15/2026","Buy","SWPPX","SCHWAB S&P ...500 INDEX","15.416","$19.46","","-$300.00"
"06/05/2026","MoneyLink Deposit","","META","","","","$500.00"
"06/01/2026","Buy","SWPPX","SCHWAB S&P ...500 INDEX","15.337","$19.56","","-$300.00"
"05/22/2026","MoneyLink Deposit","","META","","","","$500.00"
"05/19/2026","Buy","INTC","INTEL CORP","95","$111.89","","-$10629.55"
"05/18/2026 as of 05/15/2026","Stock Plan Activity","META","META PLATFORMS INC CLASS CLASS A","12","","",""
"05/18/2026 as of 05/15/2026","Stock Plan Activity","META","META PLATFORMS INC CLASS CLASS A","2","","",""
"05/18/2026 as of 05/15/2026","Stock Plan Activity","META","META PLATFORMS INC CLASS CLASS A","1","","",""
"05/18/2026 as of 05/15/2026","Schwab Bank Int Adj","","BANK INT ...526","","","","-$0.02"
"05/18/2026 as of 05/15/2026","Bank Interest","","BANK INT ...526 SCHWAB BANK","","","","$0.09"
"05/15/2026","Buy","SWPPX","SCHWAB S&P ...500 INDEX","15.74","$19.06","","-$300.00"
"05/08/2026","MoneyLink Deposit","","META","","","","$500.00"
"05/01/2026","Buy","SWPPX","SCHWAB S&P ...500 INDEX","16.138","$18.59","","-$300.00"
"04/24/2026","MoneyLink Deposit","","META","","","","$500.00"
"04/16/2026 as of 04/15/2026","Bank Interest","","BANK INT ...526 SCHWAB BANK","","","","$0.01"
"04/15/2026","Buy","SWPPX","SCHWAB S&P ...500 INDEX","16.621","$18.05","","-$300.00"
"04/14/2026","Sell","AAPL","APPLE INC","18","$258.60","$0.10","$4654.70"
"04/14/2026","Sell","COST","COSTCO WHSL CORP NEW","6.0059","$974.0805","$0.12","$5850.11"
"04/10/2026","MoneyLink Deposit","","META","","","","$500.00"
"04/01/2026","Reinvest Shares","NVDA","NVIDIA CORP","0.0093","$175.9096","","-$1.63"
"04/01/2026","Tax Withhold","NVDA","NVIDIA CORP","","","","-$0.52"
"04/01/2026","Qual Div Reinvest","NVDA","NVIDIA CORP","","","","$2.15"
"03/31/2026","Tax Withhold","VOO","VANGUARD S&P ...500 ETF","","","","-$9.44"
"03/31/2026","Cash Dividend","VOO","VANGUARD S&P ...500 ETF","","","","$39.32"
"03/27/2026","Tax Withhold","QQQ","INVESCO QQQ TR","","","","-$5.10"
"03/27/2026","Cash Dividend","QQQ","INVESCO QQQ TR","","","","$21.25"
"03/26/2026","Tax Withhold","META","META PLATFORMS INC CLASS CLASS A","","","","-$12.60"
"03/26/2026","Qualified Dividend","META","META PLATFORMS INC CLASS CLASS A","","","","$52.50"
"03/16/2026","Buy","SWPPX","SCHWAB S&P ...500 INDEX","17.432","$17.21","","-$300.00"
"03/13/2026","MoneyLink Deposit","","META","","","","$500.00"
"03/02/2026","Buy","SWPPX","SCHWAB S&P ...500 INDEX","16.988","$17.66","","-$300.00"
"02/27/2026","MoneyLink Deposit","","META","","","","$300.00"
"02/18/2026","Stock Plan Activity","META","META PLATFORMS INC CLASS CLASS A","12","","",""
"02/18/2026","Stock Plan Activity","META","META PLATFORMS INC CLASS CLASS A","2","","",""
"02/13/2026","Reinvest Shares","COST","COSTCO WHSL CORP NEW","0.0059","$1010.8997","","-$5.93"
"02/13/2026","Tax Withhold","COST","COSTCO WHSL CORP NEW","","","","-$1.87"
"02/13/2026","Qual Div Reinvest","COST","COSTCO WHSL CORP NEW","","","","$7.80"
"02/12/2026","Tax Withhold","AAPL","APPLE INC","","","","-$1.12"
"02/12/2026","Qualified Dividend","AAPL","APPLE INC","","","","$4.68"
"01/30/2026","MoneyLink Transfer","","Tfr JPMORGAN CHASE BAN","","","","-$172.75"
"01/29/2026","Buy","AAPL","APPLE INC","16","$257.825","","-$4125.20"
"01/29/2026","Sell","IOT","SAMSARA INC CLASS A","149","$28.5801","$0.03","$4258.40"
"01/21/2026","Buy","INTC","INTEL CORP","150","$53.64","","-$8046.00"
"01/21/2026","Sell","IOT","SAMSARA INC CLASS A","250","$32.20","$0.05","$8049.95"
"01/20/2026","Buy","INTC","INTEL CORP","8","$49.4063","","-$395.25"
"01/16/2026","MoneyLink Deposit","","META","","","","$264.46"
"01/16/2026 as of 01/15/2026","Bank Interest","","BANK INT ...526 SCHWAB BANK","","","","$0.01"
"01/12/2026","Buy","INTC","INTEL CORP","40","$44.63","","-$1785.20"
"01/02/2026","MoneyLink Deposit","","META","","","","$264.44"
"12/31/2025","Tax Withhold","QQQ","INVSC QQQ TRUST SRS 1 ETF","","","","-$5.53"
"12/31/2025","Cash Dividend","QQQ","INVSC QQQ TRUST SRS 1 ETF","","","","$23.03"
"12/26/2025","Reinvest Shares","NVDA","NVIDIA CORP","0.0085","$191.281","","-$1.63"
"12/26/2025","Qual Div Reinvest","NVDA","NVIDIA CORP","","","","$2.15"
"12/26/2025","Tax Withhold","NVDA","NVIDIA CORP","","","","-$0.52"
"12/24/2025","Tax Withhold","VOO","VANGUARD S&P ...500 ETF","","","","-$8.93"
"12/24/2025","Cash Dividend","VOO","VANGUARD S&P ...500 ETF","","","","$37.19"
"12/23/2025","Tax Withhold","META","META PLATFORMS INC CLASS A","","","","-$10.84"
"12/23/2025","Qualified Dividend","META","META PLATFORMS INC CLASS A","","","","$45.15"
"12/19/2025","MoneyLink Deposit","","META","","","","$500.00"
"12/16/2025 as of 12/15/2025","Schwab Bank Int Adj","","BANK INT ...525","","","","-$0.01"
"12/16/2025 as of 12/15/2025","Bank Interest","","BANK INT ...525 SCHWAB BANK","","","","$0.04"
"12/15/2025","Buy","SWPPX","SCHWAB S&P ...500 INDEX","28.637","$17.46","","-$500.00"
"12/12/2025","Tax Withhold","SWPPX","SCHWAB S&P ...500 INDEX","","","","-$0.27"
"12/12/2025","Reinvest Dividend","SWPPX","SCHWAB S&P ...500 INDEX","","","","$1.11"
"12/12/2025","Reinvest Shares","SWPPX","SCHWAB S&P ...500 INDEX","0.048","$17.48","","-$0.84"
"12/05/2025","MoneyLink Deposit","","META","","","","$500.00"
"11/21/2025","MoneyLink Deposit","","META","","","","$500.00"
"11/18/2025 as of 11/17/2025","Stock Plan Activity","META","META PLATFORMS INC CLASS A","14","","",""
"11/18/2025 as of 11/17/2025","Stock Plan Activity","META","META PLATFORMS INC CLASS A","2","","",""
"11/17/2025 as of 11/15/2025","Bank Interest","","BANK INT ...525 SCHWAB BANK","","","","$0.01"
"11/14/2025","Tax Withhold","COST","COSTCO WHSL CORP NEW","","","","-$1.87"
"11/14/2025","Qualified Dividend","COST","COSTCO WHSL CORP NEW","","","","$7.80"
"11/13/2025","Tax Withhold","AAPL","APPLE INC","","","","-$0.12"
"11/13/2025","Qualified Dividend","AAPL","APPLE INC","","","","$0.52"
"11/07/2025","MoneyLink Deposit","","META","","","","$500.00"
"11/04/2025","Buy","SWPPX","SCHWAB S&P ...500 INDEX","5.714","$17.50","","-$100.00"
"10/31/2025","Tax Withhold","QQQ","INVSC QQQ TRUST SRS 1 ETF","","","","-$4.83"
"10/31/2025","Cash Dividend","QQQ","INVSC QQQ TRUST SRS 1 ETF","","","","$20.12"
"10/16/2025 as of 10/15/2025","Bank Interest","","BANK INT ...525 SCHWAB BANK","","","","$0.01"
"10/02/2025","Tax Withhold","NVDA","NVIDIA CORP","","","","-$0.52"
"10/02/2025","Qualified Dividend","NVDA","NVIDIA CORP","","","","$2.15"
"10/01/2025","Tax Withhold","VOO","VANGUARD S&P ...500 ETF","","","","-$8.77"
"10/01/2025","Cash Dividend","VOO","VANGUARD S&P ...500 ETF","","","","$36.54"
"09/29/2025","Tax Withhold","META","META PLATFORMS INC CLASS A","","","","-$8.82"
"09/29/2025","Qualified Dividend","META","META PLATFORMS INC CLASS A","","","","$36.75"
"09/16/2025 as of 09/15/2025","Bank Interest","","BANK INT ...525 SCHWAB BANK","","","","$0.02"
"09/12/2025","Buy","AAPL","APPLE INC","2","$234.34","","-$468.68"
"08/22/2025","Journal","","TRANSFER FUNDS FROM SCHWAB BANK - ...196","","","","$60.00"
"08/18/2025 as of 08/15/2025","Stock Plan Activity","META","META PLATFORMS INC CLASS A","12","","",""
"08/18/2025 as of 08/15/2025","Stock Plan Activity","META","META PLATFORMS INC CLASS A","2","","",""
"08/18/2025 as of 08/15/2025","Bank Interest","","BANK INT ...525 SCHWAB BANK","","","","$0.02"
"08/15/2025","Tax Withhold","COST","COSTCO WHSL CORP NEW","","","","-$1.87"
"08/15/2025","Qualified Dividend","COST","COSTCO WHSL CORP NEW","","","","$7.80"
"07/31/2025","Tax Withhold","QQQ","INVESCO QQQ ETF","","","","-$4.11"
"07/31/2025","Cash Dividend","QQQ","INVESCO QQQ ETF","","","","$17.14"
"07/16/2025 as of 07/15/2025","Bank Interest","","BANK INT ...525 SCHWAB BANK","","","","$0.02"
"07/03/2025","Tax Withhold","NVDA","NVIDIA CORP","","","","-$0.52"
"07/03/2025","Qualified Dividend","NVDA","NVIDIA CORP","","","","$2.15"
"07/02/2025","Tax Withhold","VOO","VANGUARD S&P ...500 ETF","","","","-$8.79"
"07/02/2025","Cash Dividend","VOO","VANGUARD S&P ...500 ETF","","","","$36.64"
"06/26/2025","Tax Withhold","META","META PLATFORMS INC CLASS A","","","","-$7.06"
"06/26/2025","Qualified Dividend","META","META PLATFORMS INC CLASS A","","","","$29.40"
"06/16/2025 as of 06/15/2025","Bank Interest","","BANK INT ...525 SCHWAB BANK","","","","$0.02"
"05/16/2025 as of 05/15/2025","Stock Plan Activity","META","META PLATFORMS INC CLASS A","12","","",""
"05/16/2025 as of 05/15/2025","Stock Plan Activity","META","META PLATFORMS INC CLASS A","1","","",""
"05/16/2025","Tax Withhold","COST","COSTCO WHSL CORP NEW","","","","-$1.87"
"05/16/2025","Qualified Dividend","COST","COSTCO WHSL CORP NEW","","","","$7.80"
"05/16/2025 as of 05/15/2025","Bank Interest","","BANK INT ...525 SCHWAB BANK","","","","$0.02"
"04/30/2025","Tax Withhold","QQQ","INVESCO QQQ TRUST","","","","-$4.98"
"04/30/2025","Cash Dividend","QQQ","INVESCO QQQ TRUST","","","","$20.76"
"04/16/2025 as of 04/15/2025","Schwab Bank Int Adj","","BANK INT ...525","","","","-$0.01"
"04/16/2025 as of 04/15/2025","Bank Interest","","BANK INT ...525 SCHWAB BANK","","","","$0.06"
"04/02/2025","Buy","COST","COSTCO WHSL CORP NEW","5","$970.40","","-$4852.00"
"04/02/2025","Tax Withhold","NVDA","NVIDIA CORP","","","","-$0.52"
"04/02/2025","Qualified Dividend","NVDA","NVIDIA CORP","","","","$2.15"
"03/31/2025","Tax Withhold","VOO","VANGUARD S&P ...500 ETF","","","","-$9.13"
"03/31/2025","Cash Dividend","VOO","VANGUARD S&P ...500 ETF","","","","$38.05"
"03/28/2025 as of 03/27/2025","MoneyLink Transfer","","Tfr JPMorgan Chase Ban","","","","$5000.00"
"03/26/2025","Tax Withhold","META","META PLATFORMS INC CLASS A","","","","-$5.42"
"03/26/2025","Qualified Dividend","META","META PLATFORMS INC CLASS A","","","","$22.58"
"03/17/2025 as of 03/15/2025","Bank Interest","","BANK INT ...525 SCHWAB BANK","","","","$0.01"
"02/21/2025","Tax Withhold","COST","COSTCO WHSL CORP NEW","","","","-$0.28"
"02/21/2025","Qualified Dividend","COST","COSTCO WHSL CORP NEW","","","","$1.16"
"02/19/2025 as of 02/18/2025","Stock Plan Activity","META","META PLATFORMS INC CLASS A","13","","",""
"02/18/2025 as of 02/15/2025","Bank Interest","","BANK INT ...525 SCHWAB BANK","","","","$0.01"
"01/31/2025","Cash Dividend","SWVXX","SCHWAB VALUE ADVANTAGE MONEY INVESTOR SHARES","","","","$0.30"
"01/31/2025","Tax Withhold","SWVXX","SCHWAB VALUE ADVANTAGE MONEY INVESTOR SHARES","","","","-$0.07"
"01/16/2025","Sell","SWVXX","SCHWAB VALUE ADVANTAGE MONEY INVESTOR SHARES","177.1","$1.00","","$177.10"
"12/31/2024","Tax Withhold","SWVXX","SCHWAB VALUE ADVANTAGE MONEY INVESTOR SHARES","","","","-$0.15"
"12/31/2024","Reinvest Dividend","SWVXX","SCHWAB VALUE ADVANTAGE MONEY INVESTOR SHARES","","","","$0.62"
"12/31/2024","Reinvest Shares","SWVXX","SCHWAB VALUE ADVANTAGE MONEY INVESTOR SHARES","0.47","$1.00","","-$0.47"
"12/31/2024","Tax Withhold","QQQ","INVSC QQQ TRUST SRS 1 ETF","","","","-$5.81"
"12/31/2024","Cash Dividend","QQQ","INVSC QQQ TRUST SRS 1 ETF","","","","$24.21"
"12/27/2024","Tax Withhold","NVDA","NVIDIA CORP","","","","-$0.52"
"12/27/2024","Qualified Dividend","NVDA","NVIDIA CORP","","","","$2.15"
"12/27/2024","Tax Withhold","META","META PLATFORMS INC CLASS A","","","","-$3.60"
"12/27/2024","Qualified Dividend","META","META PLATFORMS INC CLASS A","","","","$15.00"
"12/26/2024","Tax Withhold","VOO","VANGUARD S&P ...500 ETF","","","","-$8.76"
"12/26/2024","Cash Dividend","VOO","VANGUARD S&P ...500 ETF","","","","$36.51"
"12/16/2024 as of 12/15/2024","Schwab Bank Int Adj","","BANK INT ...524","","","","-$0.01"
"12/16/2024 as of 12/15/2024","Bank Interest","","BANK INT ...524 SCHWAB BANK","","","","$0.03"
"12/09/2024","Buy","COST","COSTCO WHSL CORP NEW","1","$982.33","","-$982.33"
"12/09/2024","Journal","","JOURNAL FRM ...056","","","","$251.96"
"12/06/2024","MoneyLink Deposit","","META","","","","$150.00"
"11/29/2024","Tax Withhold","SWVXX","SCHWAB VALUE ADVANTAGE MONEY INVESTOR SHARES","","","","-$2.31"
"11/29/2024","Reinvest Dividend","SWVXX","SCHWAB VALUE ADVANTAGE MONEY INVESTOR SHARES","","","","$9.62"
"11/29/2024","Reinvest Shares","SWVXX","SCHWAB VALUE ADVANTAGE MONEY INVESTOR SHARES","7.31","$1.00","","-$7.31"
"11/22/2024","MoneyLink Deposit","","META","","","","$514.03"
"11/19/2024","MoneyLink Transfer","","Tfr JPMorgan Chase Ban","","","","-$4000.00"
"11/18/2024","Sell","SWVXX","SCHWAB VALUE ADVANTAGE MONEY INVESTOR SHARES","4,000","$1.00","","$4000.00"
"11/18/2024 as of 11/15/2024","Stock Plan Activity","META","META PLATFORMS INC CLASS A","14","","",""
"11/18/2024 as of 11/15/2024","Schwab Bank Int Adj","","BANK INT ...524","","","","-$0.02"
"11/18/2024 as of 11/15/2024","Bank Interest","","BANK INT ...524 SCHWAB BANK","","","","$0.10"
"11/12/2024","Buy","IOT","SAMSARA INC CLASS A","4","$52.85","","-$211.40"
"11/12/2024","Buy","VOO","VANGUARD S&P ...500 ETF","2","$550.13","","-$1100.26"
"11/08/2024","MoneyLink Deposit","","META","","","","$500.00"
"10/31/2024","Tax Withhold","SWVXX","SCHWAB VALUE ADVANTAGE MONEY INVESTOR SHARES","","","","-$2.05"
"10/31/2024","Reinvest Dividend","SWVXX","SCHWAB VALUE ADVANTAGE MONEY INVESTOR SHARES","","","","$8.54"
"10/31/2024","Reinvest Shares","SWVXX","SCHWAB VALUE ADVANTAGE MONEY INVESTOR SHARES","6.49","$1.00","","-$6.49"
"10/31/2024","Tax Withhold","QQQ","INVSC QQQ TRUST SRS 1 ETF","","","","-$4.39"
"10/31/2024","Cash Dividend","QQQ","INVSC QQQ TRUST SRS 1 ETF","","","","$18.28"
"10/25/2024","MoneyLink Deposit","","META","","","","$500.00"
"10/18/2024","Buy","QQQ","INVSC QQQ TRUST SRS 1 ETF","2","$494.795","","-$989.59"
"10/18/2024","Buy","IOT","SAMSARA INC CLASS A","247","$49.86","","-$12315.42"
"10/18/2024","Buy","IOT","SAMSARA INC CLASS A","3","$49.83","","-$149.49"
"10/18/2024","Sell","NVDA","NVIDIA CORP","100","$138.1936","$0.40","$13818.96"
"10/18/2024","Buy","IOT","SAMSARA INC CLASS A","119","$50.14","","-$5966.66"
"10/18/2024","Sell","NVDA","NVIDIA CORP","43","$137.69","$0.17","$5920.50"
"10/16/2024 as of 10/15/2024","Schwab Bank Int Adj","","BANK INT ...524","","","","-$0.04"
"10/16/2024 as of 10/15/2024","Bank Interest","","BANK INT ...524 SCHWAB BANK","","","","$0.16"
"10/15/2024","Tax Withhold","SWVXX","SCHWAB VALUE ADVANTAGE MONEY INVESTOR SHARES","","","","-$3.77"
"10/15/2024","Reinvest Dividend","SWVXX","SCHWAB VALUE ADVANTAGE MONEY INVESTOR SHARES","","","","$15.71"
"10/15/2024","Reinvest Shares","SWVXX","SCHWAB VALUE ADVANTAGE MONEY INVESTOR SHARES","11.94","$1.00","","-$11.94"
"10/15/2024","Journal","","TRANSFER FUNDS TO SCHWAB BANK - ...196","","","","-$1500.00"
"10/11/2024","MoneyLink Deposit","","META","","","","$500.00"
"10/03/2024","Tax Withhold","NVDA","NVIDIA CORP","","","","-$0.86"
"10/03/2024","Qualified Dividend","NVDA","NVIDIA CORP","","","","$3.58"
"10/01/2024","Tax Withhold","VOO","VANGUARD S&P ...500 ETF","","","","-$7.47"
"10/01/2024","Cash Dividend","VOO","VANGUARD S&P ...500 ETF","","","","$31.13"
"09/27/2024","MoneyLink Deposit","","META","","","","$500.00"
"09/26/2024","Tax Withhold","META","META PLATFORMS INC CLASS A","","","","-$1.92"
"09/26/2024","Qualified Dividend","META","META PLATFORMS INC CLASS A","","","","$8.00"
"09/17/2024","Journal","SWVXX","SCHWAB VALUE ADVANTAGE MONEY INVESTOR SHARES","-1.32","","",""
"09/17/2024","Journal","SWVXX","SCHWAB VALUE ADVANTAGE MONEY INVESTOR SHARES","1.32","","",""
"09/16/2024","Tax Withhold","SWVXX","SCHWAB VALUE ADVANTAGE MONEY INVESTOR SHARES","","","","-$0.42"
"09/16/2024","Reinvest Dividend","SWVXX","SCHWAB VALUE ADVANTAGE MONEY INVESTOR SHARES","","","","$1.74"
"09/16/2024","Tax Withhold","SWVXX","SCHWAB VALUE ADVANTAGE MONEY INVESTOR SHARES","","","","-$4.04"
"09/16/2024","Reinvest Dividend","SWVXX","SCHWAB VALUE ADVANTAGE MONEY INVESTOR SHARES","","","","$16.82"
"09/16/2024","Reinvest Shares","SWVXX","SCHWAB VALUE ADVANTAGE MONEY INVESTOR SHARES","1.32","$1.00","","-$1.32"
"09/16/2024","Reinvest Shares","SWVXX","SCHWAB VALUE ADVANTAGE MONEY INVESTOR SHARES","12.78","$1.00","","-$12.78"
"09/16/2024 as of 09/15/2024","Schwab Bank Int Adj","","BANK INT ...524","","","","-$0.09"
"09/16/2024 as of 09/15/2024","Bank Interest","","BANK INT ...524 SCHWAB BANK","","","","$0.38"
"09/13/2024","MoneyLink Deposit","","META","","","","$500.00"
"09/10/2024","Buy","IOT","SAMSARA INC CLASS A","6","$46.72","","-$280.32"
"09/03/2024","Buy","VOO","VANGUARD S&P ...500 ETF","1","$511.40","","-$511.40"
"09/03/2024","Buy","NVDA","NVIDIA CORP","9","$111.22","","-$1000.98"
"08/30/2024","MoneyLink Deposit","","META","","","","$500.00"
"08/16/2024 as of 08/15/2024","Stock Plan Activity","META","META PLATFORMS INC CLASS A","16","","",""
"08/16/2024","MoneyLink Deposit","","META","","","","$500.00"
"08/16/2024 as of 08/15/2024","Schwab Bank Int Adj","","BANK INT ...524","","","","-$0.74"
"08/16/2024 as of 08/15/2024","Bank Interest","","BANK INT ...524 SCHWAB BANK","","","","$3.10"
"08/16/2024","Journal","SWVXX","SCHWAB VALUE ADVANTAGE MONEY INVESTOR SHARES","-4,128","","",""
"08/16/2024","Journal","SWVXX","SCHWAB VALUE ADVANTAGE MONEY INVESTOR SHARES","4,128","","",""
"08/16/2024","Journal","VOO","VANGUARD S&P ...500 ETF","-18","","",""
"08/16/2024","Journal","VOO","VANGUARD S&P ...500 ETF","18","","",""
"08/16/2024","Journal","IOT","SAMSARA INC CLASS A","-20","","",""
"08/16/2024","Journal","IOT","SAMSARA INC CLASS A","20","","",""
"08/16/2024","Journal","NVDA","NVIDIA CORP","-349","","",""
"08/16/2024","Journal","NVDA","NVIDIA CORP","349","","",""
"08/16/2024","Journal","QQQ","INVSC QQQ TRUST SRS 1 ETF","-27","","",""
"08/16/2024","Journal","QQQ","INVSC QQQ TRUST SRS 1 ETF","27","","",""
"08/15/2024","Tax Withhold","SWVXX","SCHWAB VALUE ADVANTAGE MONEY INVESTOR SHARES","","","","-$1.54"
"08/15/2024","Reinvest Dividend","SWVXX","SCHWAB VALUE ADVANTAGE MONEY INVESTOR SHARES","","","","$6.42"
"08/15/2024","Tax Withhold","SWVXX","SCHWAB VALUE ADVANTAGE MONEY INVESTOR SHARES","","","","-$2.78"
"08/15/2024","Reinvest Dividend","SWVXX","SCHWAB VALUE ADVANTAGE MONEY INVESTOR SHARES","","","","$11.57"
"08/15/2024","Reinvest Shares","SWVXX","SCHWAB VALUE ADVANTAGE MONEY INVESTOR SHARES","4.88","$1.00","","-$4.88"
"08/15/2024","Reinvest Shares","SWVXX","SCHWAB VALUE ADVANTAGE MONEY INVESTOR SHARES","8.79","$1.00","","-$8.79"
"08/09/2024","Buy","QQQ","INVSC QQQ TRUST SRS 1 ETF","2","$448.32","","-$896.64"
"08/08/2024","Journal","","TRANSFER FUNDS TO SCHWAB BANK - ...196","","","","-$2000.00"
"08/02/2024","MoneyLink Transfer","","Tfr JPMorgan Chase Ban","","","","-$48319.20"
"08/02/2024","Journal","SWVXX","SCHWAB VALUE ADVANTAGE MONEY INVESTOR SHARES","4,093.4","","",""
"08/02/2024","Journal","SWVXX","SCHWAB VALUE ADVANTAGE MONEY INVESTOR SHARES","-4,093.4","","",""
"08/02/2024","MoneyLink Deposit","","META","","","","$500.00"
"07/31/2024","IRS Withhold","912828Y87","US TREASUR NT 1.75%07XXX**MATURED**","","","","-$100.80"
"07/31/2024","Bond Interest","912828Y87","US TREASUR NT 1.75%07XXX**MATURED**","","","","$420.00"
"07/31/2024","Full Redemption Adj","912828Y87","US TREASUR NT 1.75%07XXX**MATURED**","","","","$48000.00"
"07/31/2024","Full Redemption","912828Y87","US TREASUR NT 1.75%07XXX**MATURED**","-48,000","","",""
"07/31/2024","Tax Withhold","QQQ","INVSC QQQ TRUST SRS 1 ETF","","","","-$2.56"
"07/31/2024","Cash Dividend","QQQ","INVSC QQQ TRUST SRS 1 ETF","","","","$10.66"
"07/25/2024","Sell","FFIE","FARADAY FUTURE INTELLIGE","68","$0.3624","$0.01","$24.63"
"07/25/2024","Buy","NVDA","NVIDIA CORP","50","$108.60","","-$5430.00"
"07/25/2024","Buy","NVDA","NVIDIA CORP","150","$108.738","","-$16310.70"
"07/25/2024","Buy","NVDA","NVIDIA CORP","50","$106.70","","-$5335.00"
"07/25/2024","Sell","NVDA","NVIDIA CORP","100","$109.31","$0.32","$10930.68"
"07/25/2024","Sell","NVDA","NVIDIA CORP","100","$113.00","$0.33","$11299.67"
"07/24/2024","Buy","QQQ","INVSC QQQ TRUST SRS 1 ETF","1","$469.24","","-$469.24"
"07/23/2024","Buy","VOO","VANGUARD S&P ...500 ETF","3","$509.69","","-$1529.07"
"07/19/2024","Journal","","TRANSFER FUNDS TO SCHWAB BANK - ...196","","","","-$1000.00"
"07/19/2024","MoneyLink Deposit","","META","","","","$500.00"
"07/17/2024","Journal","912828Y87","US TREASUR NT 1.75%07/24UST NOTE DUE 07/31/24","-48,000","","",""
"07/17/2024","Journal","912828Y87","US TREASUR NT 1.75%07/24UST NOTE DUE 07/31/24","48,000","","",""
"07/17/2024","Journal","VOO","VANGUARD S&P ...500 ETF","-15","","",""
"07/17/2024","Journal","VOO","VANGUARD S&P ...500 ETF","15","","",""
"07/17/2024","Journal","IOT","SAMSARA INC CLASS A","-20","","",""
"07/17/2024","Journal","IOT","SAMSARA INC CLASS A","20","","",""
"07/17/2024","Journal","NVDA","NVIDIA CORP","-299","","",""
"07/17/2024","Journal","NVDA","NVIDIA CORP","299","","",""
"07/17/2024","Journal","QQQ","INVSC QQQ TRUST SRS 1 ETF IV","-24","","",""
"07/17/2024","Journal","QQQ","INVSC QQQ TRUST SRS 1 ETF IV","24","","",""
"07/17/2024","Journal","FFIE","FARADAY FUTURE INTELLIGE","-68","","",""
"07/17/2024","Journal","FFIE","FARADAY FUTURE INTELLIGE","68","","",""
"07/16/2024","Journal","SWVXX","SCHWAB VALUE ADVANTAGE MONEY INVESTOR SHARES","29.72","","",""
"07/16/2024","Journal","SWVXX","SCHWAB VALUE ADVANTAGE MONEY INVESTOR SHARES","-29.72","","",""
"07/16/2024 as of 07/15/2024","Schwab Bank Int Adj","","BANK INT ...524","","","","-$0.45"
"07/16/2024 as of 07/15/2024","Bank Interest","","BANK INT ...524 SCHWAB BANK","","","","$1.86"
"07/15/2024","Sell","SWVXX","SCHWAB VALUE ADVANTAGE MONEY INVESTOR SHARES","10,000","$1.00","","$10000.00"
"07/15/2024","Tax Withhold","SWVXX","SCHWAB VALUE ADVANTAGE MONEY INVESTOR SHARES","","","","-$9.39"
"07/15/2024","Reinvest Dividend","SWVXX","SCHWAB VALUE ADVANTAGE MONEY INVESTOR SHARES","","","","$39.11"
"07/15/2024","Reinvest Shares","SWVXX","SCHWAB VALUE ADVANTAGE MONEY INVESTOR SHARES","29.72","$1.00","","-$29.72"
"07/15/2024","Journal","","TRANSFER FUNDS FROM SCHWAB BANK - ...196","","","","$500.00"
"07/05/2024","Journal","","TRANSFER FUNDS TO SCHWAB BANK - ...196","","","","-$500.00"
"07/05/2024","MoneyLink Deposit","","META","","","","$500.00"
"07/02/2024","Tax Withhold","VOO","VANGUARD S&P ...500 ETF","","","","-$6.42"
"07/02/2024","Cash Dividend","VOO","VANGUARD S&P ...500 ETF","","","","$26.75"
"06/28/2024","Buy","SWVXX","SCHWAB VALUE ADVANTAGE MONEY INVESTOR SHARES","14,093.4","$1.00","","-$14093.40"
"06/26/2024","Buy","VOO","VANGUARD S&P ...500 ETF","5","$502.29","","-$2511.45"
"06/26/2024","Sell","IOT","SAMSARA INC CLASS A","200","$30.99","$0.20","$6197.80"
"06/26/2024","Buy","VOO","VANGUARD S&P ...500 ETF","2","$501.63","","-$1003.26"
"06/26/2024","Sell","IOT","SAMSARA INC CLASS A","300","$30.97","$0.31","$9290.69"
"06/26/2024","MoneyLink Transfer","","Tfr JPMORGAN CHASE BAN","","","","-$1000.00"
"06/24/2024","Sell","IOT","SAMSARA INC CLASS A","70","$29.55","$0.07","$2068.43"
"06/24/2024","Buy","NVDA","NVIDIA CORP","15","$119.7699","","-$1796.55"
"06/24/2024","Buy","NVDA","NVIDIA CORP","5","$119.00","","-$595.00"
"06/24/2024","Buy","QQQ","INVSC QQQ TRUST SRS 1 ETF IV","6","$476.74","","-$2860.44"
"06/24/2024","Buy","NVDA","NVIDIA CORP","100","$119.50","","-$11950.00"
"06/24/2024","Buy","NVDA","NVIDIA CORP","5","$119.936","","-$599.68"
"06/24/2024","Buy","QQQ","INVSC QQQ TRUST SRS 1 ETF IV","4","$477.90","","-$1911.60"
"06/24/2024","Buy","NVDA","NVIDIA CORP","50","$121.50","","-$6075.00"
"06/24/2024","Buy","NVDA","NVIDIA CORP","80","$123.285","","-$9862.80"
"06/24/2024","Buy","NVDA","NVIDIA CORP","10","$123.4921","","-$1234.92"
"06/24/2024","Buy","NVDA","NVIDIA CORP","5","$123.35","","-$616.75"
"06/24/2024","Sell","IOT","SAMSARA INC CLASS A","200","$29.36","$0.19","$5871.81"
"06/24/2024","Buy","NVDA","NVIDIA CORP","10","$123.40","","-$1234.00"
"06/24/2024","Sell","IOT","SAMSARA INC CLASS A","200","$29.00","$0.19","$5799.81"
"06/24/2024","Sell","IOT","SAMSARA INC CLASS A","200","$28.85","$0.19","$5769.81"
"06/24/2024","Buy","NVDA","NVIDIA CORP","5","$122.50","","-$612.50"
"06/24/2024","Sell","IOT","SAMSARA INC CLASS A","100","$28.8501","$0.10","$2884.91"
"06/21/2024","Buy","NVDA","NVIDIA CORP","8","$127.20","","-$1017.60"
"06/21/2024","Buy","QQQ","INVSC QQQ TRUST SRS 1 ETF IV","2","$481.19","","-$962.38"
"06/21/2024","Buy","NVDA","NVIDIA CORP","5","$128.4481","","-$642.24"
"06/21/2024","MoneyLink Deposit","","META","","","","$500.00"
"06/20/2024","Sell","SWVXX","SCHWAB VALUE ADVANTAGE MONEY INVESTOR SHARES","22,058.57","$1.00","","$22058.57"
"06/20/2024","Buy","NVDA","NVIDIA CORP","1","$137.78","","-$137.78"
"06/17/2024","Tax Withhold","SWVXX","SCHWAB VALUE ADVANTAGE MONEY INVESTOR SHARES","","","","-$24.54"
"06/17/2024","Reinvest Dividend","SWVXX","SCHWAB VALUE ADVANTAGE MONEY INVESTOR SHARES","","","","$102.24"
"06/17/2024","Reinvest Shares","SWVXX","SCHWAB VALUE ADVANTAGE MONEY INVESTOR SHARES","77.7","$1.00","","-$77.70"
"06/17/2024 as of 06/15/2024","Schwab Bank Int Adj","","BANK INT ...524","","","","-$0.01"
"06/17/2024 as of 06/15/2024","Bank Interest","","BANK INT ...524 SCHWAB BANK","","","","$0.05"
"06/13/2024 as of 06/12/2024","MoneyLink Transfer","","Tfr JPMorgan Chase Ban","","","","$500.00"
"06/12/2024","Buy","QQQ","INVSC QQQ TRUST SRS 1 ETF IV","1","$474.69","","-$474.69"
"06/04/2024 as of 06/03/2024","MoneyLink Transfer","","Tfr JPMORGAN CHASE BAN","","","","$700.00"
"06/03/2024","Buy","QQQ","INVSC QQQ TRUST SRS 1 ETF IV","1","$451.65","","-$451.65"
"05/21/2024","Journal","","TRANSFER FUNDS FROM SCHWAB BANK - ...196","","","","$0.25"
"05/21/2024","Buy","FFIE","FARADAY FUTURE INTELLIGE","68","$1.3841","","-$94.12"
"05/20/2024 as of 05/17/2024","MoneyLink Transfer","","Tfr JPMorgan Chase Ban","","","","$1000.00"
"05/17/2024","Buy","QQQ","INVSC QQQ TRUST SRS 1 ETF","2","$452.6211","","-$905.24"
"05/16/2024 as of 05/15/2024","Schwab Bank Int Adj","","BANK INT ...524","","","","-$0.29"
"05/16/2024 as of 05/15/2024","Bank Interest","","BANK INT ...524 SCHWAB BANK","","","","$1.22"
"05/15/2024","Tax Withhold","SWVXX","SCHWAB VALUE ADVANTAGE MONEY INVESTOR SHARES","","","","-$13.42"
"05/15/2024","Reinvest Dividend","SWVXX","SCHWAB VALUE ADVANTAGE MONEY INVESTOR SHARES","","","","$55.92"
"05/15/2024","Reinvest Shares","SWVXX","SCHWAB VALUE ADVANTAGE MONEY INVESTOR SHARES","42.5","$1.00","","-$42.50"
"05/03/2024","Buy","SWVXX","SCHWAB VALUE ADVANTAGE MONEY INVESTOR SHARES","3,087.05","$1.00","","-$3087.05"
"05/01/2024 as of 04/30/2024","MoneyLink Transfer","","Tfr JPMorgan Chase Ban","","","","$10000.00"
"04/30/2024","Buy","SWVXX","SCHWAB VALUE ADVANTAGE MONEY INVESTOR SHARES","12,000","$1.00","","-$12000.00"
"04/30/2024","Buy","VOO","VANGUARD S&P ...500 ETF","1","$464.22","","-$464.22"
"04/30/2024","Buy","VOO","VANGUARD S&P ...500 ETF","2","$464.69","","-$929.38"
"04/30/2024","Tax Withhold","QQQ","INVSC QQQ TRUST SRS 1 ETF","","","","-$0.83"
"04/30/2024","Cash Dividend","QQQ","INVSC QQQ TRUST SRS 1 ETF","","","","$3.44"
"04/22/2024 as of 04/19/2024","MoneyLink Transfer","","Tfr JPMorgan Chase Ban","","","","$6478.04"
"04/18/2024","Buy","SWVXX","SCHWAB VALUE ADVANTAGE MONEY INVESTOR SHARES","6,851.32","$1.00","","-$6851.32"
"04/16/2024","Buy","VOO","VANGUARD S&P ...500 ETF","2","$462.29","","-$924.58"
"04/16/2024","Buy","QQQ","INVSC QQQ TRUST SRS 1 ETF","2","$430.4191","","-$860.84"
"04/16/2024 as of 04/15/2024","Schwab Bank Int Adj","","BANK INT ...524","","","","-$0.75"
"04/16/2024 as of 04/15/2024","Bank Interest","","BANK INT ...524 SCHWAB BANK","","","","$3.14"
"04/02/2024","Bank Interest","","BANK INA ...124 SCHWAB BANK","","","","$0.01"
"04/01/2024 as of 03/29/2024","MoneyLink Deposit","","SAMSARA NETWORKS","","","","$700.00"
"03/27/2024","Tax Withhold","VOO","VANGUARD S&P ...500 ETF","","","","-$1.11"
"03/27/2024","Cash Dividend","VOO","VANGUARD S&P ...500 ETF","","","","$4.63"
"03/19/2024 as of 03/18/2024","Stock Plan Activity","IOT","SAMSARA INC CLASS A","310","","",""
"03/19/2024","Journal","","Gencash transaction for SPS RS Lapse Tool","","","","-$8239.51"
"03/18/2024 as of 03/15/2024","Schwab Bank Int Adj","","BANK INT ...524","","","","-$0.52"
"03/18/2024 as of 03/15/2024","Bank Interest","","BANK INT ...524 SCHWAB BANK","","","","$2.15"
"03/15/2024","Cash Dividend","SWVXX","SCHWAB VALUE ADVANTAGE MONEY INVESTOR SHARES","","","","$20.32"
"03/15/2024","Tax Withhold","SWVXX","SCHWAB VALUE ADVANTAGE MONEY INVESTOR SHARES","","","","-$4.88"
"03/15/2024","Stock Plan Activity","IOT","SAMSARA INC CLASS A","238","","",""
"03/15/2024","Sell","IOT","SAMSARA INC CLASS A","238","$34.9452","$0.11","$8316.85"
"03/15/2024","MoneyLink Deposit","","SAMSARA NETWORKS","","","","$700.00"
"03/13/2024","Sell","SWVXX","SCHWAB VALUE ADVANTAGE MONEY INVESTOR SHARES","5,473.08","$1.00","","$5473.08"
"03/13/2024","Journal","","TRANSFER FUNDS FROM SCHWAB BANK - ...196","","","","$1663.33"
"03/04/2024","MoneyLink Transfer","","Tfr JPMORGAN CHASE BAN","","","","-$39042.95"
"02/29/2024","IRS Withhold","9128286G0","US TREASU NT 2.375%02XXX**MATURED**","","","","-$108.30"
"02/29/2024","Bond Interest","9128286G0","US TREASU NT 2.375%02XXX**MATURED**","","","","$451.25"
"02/29/2024","Full Redemption Adj","9128286G0","US TREASU NT 2.375%02XXX**MATURED**","","","","$38000.00"
"02/29/2024","Full Redemption","9128286G0","US TREASU NT 2.375%02XXX**MATURED**","-38,000","","",""
"02/29/2024","MoneyLink Deposit","","SAMSARA NETWORKS","","","","$700.00"
"02/21/2024 as of 02/20/2024","MoneyLink Transfer","","Tfr JPMORGAN CHASE BAN","","","","$1000.00"
"02/20/2024","Buy","SWVXX","SCHWAB VALUE ADVANTAGE MONEY INVESTOR SHARES","1,007.54","$1.00","","-$1007.54"
"02/20/2024","Buy","VOO","VANGUARD S&P ...500 ETF","1","$456.03","","-$456.03"
"02/20/2024","Buy","QQQ","INVSC QQQ TRUST SRS 1 ETF IV","1","$425.86","","-$425.86"
"02/16/2024 as of 02/15/2024","Schwab Bank Int Adj","","BANK INT ...524","","","","-$0.03"
"02/16/2024 as of 02/15/2024","Bank Interest","","BANK INT ...524 SCHWAB BANK","","","","$0.12"
"02/15/2024","Tax Withhold","SWVXX","SCHWAB VALUE ADVANTAGE MONEY INVESTOR SHARES","","","","-$4.59"
"02/15/2024","Reinvest Dividend","SWVXX","SCHWAB VALUE ADVANTAGE MONEY INVESTOR SHARES","","","","$19.14"
"02/15/2024","Reinvest Shares","SWVXX","SCHWAB VALUE ADVANTAGE MONEY INVESTOR SHARES","14.55","$1.00","","-$14.55"
"02/15/2024","MoneyLink Deposit","","SAMSARA NETWORKS","","","","$700.00"
"02/13/2024 as of 02/12/2024","MoneyLink Transfer","","Tfr JPMORGAN CHASE BAN","","","","$600.00"
"02/12/2024","Buy","QQQ","INVSC QQQ TRUST SRS 1 ETF IV","1","$436.505","","-$436.51"
"02/06/2024","Buy","QQQ","INVSC QQQ TRUST SRS 1 ETF IV","1","$426.0599","","-$426.06"
"02/02/2024","Buy","VOO","VANGUARD S&P ...500 ETF","2","$450.00","","-$900.00"
"02/01/2024 as of 01/31/2024","MoneyLink Transfer","","Tfr JPMORGAN CHASE BAN","","","","$700.00"
"01/31/2024","IRS Withhold","912828Y87","US TREASUR NT 1.75%07/24UST NOTE DUE 07/31/24","","","","-$100.80"
"01/31/2024","Bond Interest","912828Y87","US TREASUR NT 1.75%07/24UST NOTE DUE 07/31/24","","","","$420.00"
"01/31/2024","Buy","QQQ","INVSC QQQ TRUST SRS 1 ETF IV","2","$420.53","","-$841.06"
"01/31/2024","MoneyLink Deposit","","SAMSARA NETWORKS","","","","$100.00"
"01/31/2024 as of 01/30/2024","MoneyLink Transfer","","Tfr JPMORGAN CHASE BAN","","","","$1000.00"
"01/24/2024","Buy","QQQ","INVSC QQQ TRUST SRS 1 ETF IV","1","$426.579","","-$426.58"
"01/24/2024","Journal","","TRANSFER FUNDS FROM SCHWAB BANK - ...196","","","","$500.00"
"01/17/2024","Buy","SWVXX","SCHWAB VALUE ADVANTAGE MONEY INV","100","$1.00","","-$100.00"
"01/16/2024","Tax Withhold","SWVXX","SCHWAB VALUE ADVANTAGE MONEY INV","","","","-$2.24"
"01/16/2024","Reinvest Dividend","SWVXX","SCHWAB VALUE ADVANTAGE MONEY INV","","","","$9.33"
"01/16/2024","Reinvest Shares","SWVXX","SCHWAB VALUE ADVANTAGE MONEY INV","7.09","$1.00","","-$7.09"
"01/16/2024 as of 01/15/2024","Schwab Bank Int Adj","","BANK INT ...524","","","","-$0.11"
"01/16/2024 as of 01/15/2024","Bank Interest","","BANK INT ...524 SCHWAB BANK","","","","$0.46"
"01/12/2024","MoneyLink Deposit","","SAMSARA NETWORKS","","","","$100.00"
"12/29/2023","Tax Withhold","SWVXX","SCHWAB VALUE ADVANTAGE MONEY INV","","","","-$16.29"
"12/29/2023","Reinvest Dividend","SWVXX","SCHWAB VALUE ADVANTAGE MONEY INV","","","","$67.88"
"12/29/2023","Reinvest Shares","SWVXX","SCHWAB VALUE ADVANTAGE MONEY INV","51.59","$1.00","","-$51.59"
"12/29/2023","MoneyLink Transfer","","Tfr JPMorgan Chase Ban","","","","-$7400.00"
"12/29/2023","MoneyLink Deposit","","SAMSARA NETWORKS","","","","$100.00"
"12/28/2023","Sell","SWVXX","SCHWAB VALUE ADVANTAGE MONEY INV","7,300","$1.00","","$7300.00"
"12/20/2023","Buy","SWVXX","SCHWAB VALUE ADVANTAGE MONEY INV","1,234.92","$1.00","","-$1234.92"
"12/20/2023 as of 12/19/2023","MoneyLink Transfer","","Tfr JPMorgan Chase Ban","","","","$1000.00"
"12/19/2023 as of 12/18/2023","Stock Plan Activity","IOT","SAMSARA INC CLASS A","316","","",""
"12/19/2023","Journal","","Gencash transaction for SPS RS Lapse Tool","","","","-$7803.06"
"12/18/2023 as of 12/15/2023","Schwab Bank Int Adj","","BANK INT ...523","","","","-$1.65"
"12/18/2023 as of 12/15/2023","Bank Interest","","BANK INT ...523 SCHWAB BANK","","","","$6.87"
"12/15/2023","Stock Plan Activity","IOT","SAMSARA INC CLASS A","233","","",""
"12/15/2023","Sell","IOT","SAMSARA INC CLASS A","233","$33.7336","$0.09","$7859.84"
"12/15/2023","MoneyLink Deposit","","SAMSARA NETWORKS","","","","$100.00"
"12/12/2023","Buy","9128286G0","US TREASU NT 2.375%02/24UST NOTE DUE 02/29/24","38,000","$99.3928","","-$38027.12"
"11/30/2023","Full Redemption Adj","912796ZD4","US TREASURY BILXXX**MATURED**","","","","$13000.00"
"11/30/2023","Full Redemption","912796ZD4","US TREASURY BILXXX**MATURED**","-13,000","","",""
"11/30/2023","MoneyLink Deposit","","SAMSARA NETWORKS","","","","$100.00"
"11/24/2023","Buy","SWVXX","SCHWAB VALUE ADVANTAGE MONEY INV","100","$1.00","","-$100.00"
"11/24/2023","Full Redemption Adj","912797FL6","US TREASURY BILXXX**MATURED**","","","","$25000.00"
"11/24/2023","Full Redemption","912797FL6","US TREASURY BILXXX**MATURED**","-25,000","","",""
"11/16/2023 as of 11/15/2023","Schwab Bank Int Adj","","BANK INT ...523","","","","-$0.01"
"11/16/2023 as of 11/15/2023","Bank Interest","","BANK INT ...523 SCHWAB BANK","","","","$0.05"
"11/15/2023","Tax Withhold","SWVXX","SCHWAB VALUE ADVANTAGE MONEY INV","","","","-$10.50"
"11/15/2023","Reinvest Dividend","SWVXX","SCHWAB VALUE ADVANTAGE MONEY INV","","","","$43.73"
"11/15/2023","Reinvest Shares","SWVXX","SCHWAB VALUE ADVANTAGE MONEY INV","33.23","$1.00","","-$33.23"
"11/15/2023","MoneyLink Deposit","","SAMSARA NETWORKS","","","","$100.00"
"11/06/2023","Journal","","TRANSFER FUNDS TO SCHWAB BANK - ...196","","","","-$3000.00"
"11/03/2023 as of 11/02/2023","MoneyLink Transfer","","Tfr JPMORGAN CHASE BAN","","","","$3000.00"
"11/02/2023","Buy","SWVXX","SCHWAB VALUE ADVANTAGE MONEY INV","100","$1.00","","-$100.00"
"10/30/2023","MoneyLink Deposit","","SAMSARA NETWORKS","","","","$100.00"
"10/24/2023","Buy","SWVXX","SCHWAB VALUE ADVANTAGE MONEY INV","101.72","$1.00","","-$101.72"
"10/16/2023","Tax Withhold","SWVXX","SCHWAB VALUE ADVANTAGE MONEY INV","","","","-$7.09"
"10/16/2023","Reinvest Dividend","SWVXX","SCHWAB VALUE ADVANTAGE MONEY INV","","","","$29.53"
"10/16/2023","Reinvest Shares","SWVXX","SCHWAB VALUE ADVANTAGE MONEY INV","22.44","$1.00","","-$22.44"
"10/16/2023 as of 10/15/2023","Schwab Bank Int Adj","","BANK INT ...523","","","","-$0.54"
"10/16/2023 as of 10/15/2023","Bank Interest","","BANK INT ...523 SCHWAB BANK","","","","$2.26"
"10/13/2023","MoneyLink Deposit","","SAMSARA NETWORKS","","","","$100.00"
"10/03/2023","MoneyLink Transfer","","Tfr JPMORGAN CHASE BAN","","","","-$6372.06"
"10/02/2023","Sell","SWVXX","SCHWAB VALUE ADVANTAGE MONEY INV","6,372.06","$1.00","","$6372.06"
"10/02/2023","MoneyLink Transfer","","Tfr JPMORGAN CHASE BAN","","","","-$100.00"
"09/29/2023","MoneyLink Deposit","","SAMSARA NETWORKS","","","","$100.00"
"09/28/2023","Buy","SWVXX","SCHWAB VALUE ADVANTAGE MONEY INV","16,372.06","$1.00","","-$16372.06"
"09/19/2023","Full Redemption Adj","912797GT8","US TREASURY BILXXX**MATURED**","","","","$10000.00"
"09/19/2023","Full Redemption","912797GT8","US TREASURY BILXXX**MATURED**","-10,000","","",""
"09/19/2023","Journal","","Gencash transaction for SPS RS Lapse Tool","","","","-$6499.29"
"09/19/2023 as of 09/18/2023","Stock Plan Activity","IOT","SAMSARA INC CLASS A","310","","",""
"09/18/2023 as of 09/15/2023","Schwab Bank Int Adj","","BANK INT ...523","","","","-$0.30"
"09/18/2023 as of 09/15/2023","Bank Interest","","BANK INT ...523 SCHWAB BANK","","","","$1.26"
"09/15/2023","Cash Dividend","SWVXX","SCHWAB VALUE ADVANTAGE MONEY INV","","","","$1.70"
"09/15/2023","Tax Withhold","SWVXX","SCHWAB VALUE ADVANTAGE MONEY INV","","","","-$0.41"
"09/15/2023","Sell","IOT","SAMSARA INC CLASS A","239","$27.3832","$0.08","$6544.50"
"09/15/2023","Stock Plan Activity","IOT","SAMSARA INC CLASS A","239","","",""
"09/15/2023","MoneyLink Deposit","","SAMSARA NETWORKS","","","","$1017.69"
"09/08/2023 as of 09/07/2023","MoneyLink Transfer","","Tfr JPMORGAN CHASE BAN","","","","$549.00"
"09/06/2023","Sell","SWVXX","SCHWAB VALUE ADVANTAGE MONEY INV","1,513.89","$1.00","","$1513.89"
"08/31/2023","MoneyLink Deposit","","SAMSARA NETWORKS","","","","$1044.02"
"08/31/2023 as of 08/30/2023","MoneyLink Transfer","","Tfr JPMorgan Chase Ban","","","","$2200.00"
"08/30/2023","Buy","SWVXX","SCHWAB VALUE ADVANTAGE MONEY INV","1,428.34","$1.00","","-$1428.34"
"08/23/2023 as of 08/22/2023","MoneyLink Transfer","","Tfr JPMORGAN CHASE BAN","","","","$47905.00"
"08/22/2023","Buy","912828Y87","US TREASUR NT 1.75%07/24UST NOTE DUE 07/31/24","48,000","$96.717","","-$46476.66"
"08/16/2023","MoneyLink Transfer","","Tfr JPMorgan Chase Ban","","","","-$27680.21"
"08/16/2023 as of 08/15/2023","Bank Interest","","BANK INT ...523 SCHWAB BANK","","","","$0.02"
"08/15/2023","Sell","SWVXX","SCHWAB VALUE ADVANTAGE MONEY INV","27,680.19","$1.00","","$27680.19"
"08/15/2023","Tax Withhold","SWVXX","SCHWAB VALUE ADVANTAGE MONEY INV","","","","-$27.02"
"08/15/2023","Reinvest Dividend","SWVXX","SCHWAB VALUE ADVANTAGE MONEY INV","","","","$112.57"
"08/15/2023","Reinvest Shares","SWVXX","SCHWAB VALUE ADVANTAGE MONEY INV","85.55","$1.00","","-$85.55"
"08/15/2023","MoneyLink Transfer","","Tfr JPMorgan Chase Ban","","","","-$1017.69"
"08/15/2023","MoneyLink Deposit","","SAMSARA NETWORKS","","","","$1017.69"
"07/31/2023","Buy","SWVXX","SCHWAB VALUE ADVANTAGE MONEY INV","10.17","$1.00","","-$10.17"
"07/31/2023","MoneyLink Deposit","","SAMSARA NETWORKS","","","","$10.00"
"07/17/2023","Buy","SWVXX","SCHWAB VALUE ADVANTAGE MONEY INV","1,500","$1.00","","-$1500.00"
"07/17/2023","Tax Withhold","SWVXX","SCHWAB VALUE ADVANTAGE MONEY INV","","","","-$11.33"
"07/17/2023","Reinvest Dividend","SWVXX","SCHWAB VALUE ADVANTAGE MONEY INV","","","","$47.21"
"07/17/2023","Reinvest Shares","SWVXX","SCHWAB VALUE ADVANTAGE MONEY INV","35.88","$1.00","","-$35.88"
"07/17/2023 as of 07/15/2023","Schwab Bank Int Adj","","BANK INT ...523","","","","-$0.05"
"07/17/2023 as of 07/15/2023","Bank Interest","","BANK INT ...523 SCHWAB BANK","","","","$0.22"
"07/14/2023","MoneyLink Deposit","","SAMSARA NETWORKS","","","","$1500.00"
"07/06/2023","Buy","SWVXX","SCHWAB VALUE ADVANTAGE MONEY INV","18,700","$1.00","","-$18700.00"
"07/06/2023","MoneyLink Transfer","","Tfr JPMORGAN CHASE BAN","","","","$18700.00"
"07/05/2023","Buy","SWVXX","SCHWAB VALUE ADVANTAGE MONEY INV","1,600","$1.00","","-$1600.00"
"07/03/2023","MoneyLink Transfer","","Tfr JPMorgan Chase Ban","","","","$1600.00"
"06/30/2023","Buy","SWVXX","SCHWAB VALUE ADVANTAGE MONEY INV","1,576.76","$1.00","","-$1576.76"
"06/30/2023","MoneyLink Deposit","","SAMSARA NETWORKS","","","","$1500.00"
"06/29/2023","IRS Withhold","","DEPOSITS & WITHDRAWALS","","","","-$24.24"
"06/29/2023","Promotional Award","","PROMOTIONAL AWARD","","","","$101.00"
"06/23/2023","Buy","SWVXX","SCHWAB VALUE ADVANTAGE MONEY INV","3,000","$1.00","","-$3000.00"
"06/22/2023","MoneyLink Transfer","","Tfr JPMorgan Chase Ban","","","","$3000.00"
"06/21/2023","Buy","SWVXX","SCHWAB VALUE ADVANTAGE MONEY INV","1,257.38","$1.00","","-$1257.38"
"06/20/2023 as of 06/16/2023","Stock Plan Activity","IOT","SAMSARA INC CLASS A","354","","",""
"06/20/2023","Journal","","Gencash transaction for SPS RS Lapse Tool","","","","-$5560.95"
"06/16/2023","Stock Plan Activity","IOT","SAMSARA INC CLASS A","194","","",""
"06/16/2023 as of 06/15/2023","Sell","IOT","SAMSARA INC CLASS A","194","$28.8941","$0.07","$5605.39"
"06/16/2023 as of 06/15/2023","Schwab Bank Int Adj","","BANK INT ...523","","","","-$0.04"
"06/16/2023 as of 06/15/2023","Bank Interest","","BANK INT ...523 SCHWAB BANK","","","","$0.15"
"06/15/2023","MoneyLink Deposit","","SAMSARA NETWORKS","","","","$100.00"
"06/06/2023","Buy","912797GT8","US TREASURY BILL23U S T BILL DUE 09/19/23","10,000","$98.514","","-$9851.40"
"06/06/2023","MoneyLink Transfer","","Tfr JPMorgan Chase Ban","","","","$10000.00"
"06/02/2023","Buy","912796ZD4","US TREASURY BILL23U S T BILL DUE 11/30/23","13,000","$97.4029","","-$12662.38"
"06/02/2023","Buy","912797FL6","US TREASURY BILL23U S T BILL DUE 11/24/23","25,000","$97.4936","","-$24373.39"
"06/02/2023","MoneyLink Transfer","","Tfr JPMORGAN CHASE BAN","","","","$38000.00"
